pktcount,bytecount,dur,dur_nsec,tot_dur,flows,packetins,pktperflow,byteperflow,pktrate,Pairflow,Protocol,port_no,tx_bytes,rx_bytes,tx_kbps,rx_kbps,tot_kbps,label_asli
448,43904,459,837000000,460000000000.0,5,2063,29,2842,0,1,ICMP,2,271500292,271513628,1,1.0,2.0,0
656,64288,671,864000000,672000000000.0,9,1278,30,2940,1,0,ICMP,2,135367862,135466006,0,0.0,0.0,0
37268,39727688,82,82000000,82082000000.0,2,1109,13541,14434706,451,0,UDP,4,3446,75055080,0,6456.0,6456.0,0
85470,4957260,286,960000000,287000000000.0,5,8050,8393,486794,279,1,TCP,1,6387285,151694236,0,122.0,122.0,1
266,26068,272,819000000,273000000000.0,9,4942,29,2842,0,1,ICMP,2,134093387,406738729,2,2.0,4.0,0
38647,40270174,123,461000000,123000000000.0,3,1931,9373,9766666,312,0,UDP,2,3492,1422,0,0.0,0.0,1
770,75460,789,958000000,790000000000.0,11,2063,29,2842,0,1,ICMP,2,92713,135548742,0,0.0,0.0,0
348,22968,1,222000000,1222000000.0,3,22,0,0,0,1,TCP,2,29686,675400,7,179.0,186.0,0
430,42140,441,203000000,441000000000.0,4,948,29,2842,0,1,ICMP,2,105029107,47733,2534,0.0,2534.0,0
72910,75972220,233,367000000,233000000000.0,3,1931,9314,9705188,310,0,UDP,2,3649,1242,0,0.0,0.0,1
184,18032,189,805000000,190000000000.0,11,2063,29,2842,0,1,ICMP,3,271300939,135854191,2,2.0,4.0,0
81351,89776462,183,333000000,183000000000.0,7,8050,13090,14586988,436,1,TCP,3,92935358,5835270,4271,424.0,4695.0,0
118773,123761466,413,384000000,413000000000.0,2,1931,6237,6498954,207,0,UDP,2,3826,1312,0,0.0,0.0,1
77782,81048844,260,440000000,260000000000.0,10,3421,9043,9422806,301,1,ICMP,4,135833079,283932903,2,5022.0,5024.0,1
43701,45536442,137,241000000,137000000000.0,13,3024,9642,10046964,321,1,ICMP,2,5164,1312,0,0.0,0.0,1
890,87220,911,668000000,912000000000.0,5,3443,30,2940,1,0,ICMP,1,135457297,91758,0,0.0,0.0,0
291,28518,298,476000000,298000000000.0,11,2364,29,2842,0,1,ICMP,1,123063421,122245522,5644,5644.0,11288.0,0
106343,113361638,235,315000000,235000000000.0,3,8803,13375,14257750,445,0,UDP,3,276817045,143930035,0,0.0,0.0,0
61537,3569146,196,870000000,197000000000.0,3,7385,8676,503208,289,1,TCP,3,9918666,149097077,133,124.0,257.0,1
34304,38595336,79,143000000,79143000000.0,5,7412,13198,14615796,439,1,TCP,5,308398715,59191373,167,3920.0,4087.0,0
79470,84715020,173,627000000,174000000000.0,3,2385,13468,14356888,448,0,UDP,3,110858482,3572,6430,0.0,6430.0,0
115521,123145386,253,353000000,253000000000.0,4,7916,13526,14418716,450,0,UDP,1,4288,1562,0,0.0,0.0,0
10203,11889694,24,323000000,24323000000.0,3,4365,0,0,0,1,TCP,2,4078,1312,0,0.0,0.0,1
114901,119726842,379,731000000,380000000000.0,11,2053,8540,8898680,284,1,ICMP,3,255088779,271084353,2362,0.0,2362.0,1
740,72520,758,565000000,759000000000.0,9,2390,29,2842,0,1,ICMP,1,271164600,270346372,2,2.0,4.0,0
128646,6946884,470,617000000,471000000000.0,3,8050,2469,133326,82,1,TCP,3,168052004,21469874,34,36.0,70.0,1
22742,1501364,81,67000000,81067000000.0,3,22,9364,618036,312,1,TCP,1,3720,1262,0,0.0,0.0,0
429,42042,440,201000000,440000000000.0,4,1057,29,2842,0,1,ICMP,1,4555,1242,0,0.0,0.0,0
57028,59423176,168,230000000,168000000000.0,5,2364,10203,10631526,340,1,ICMP,3,58708247,59522965,2837,2837.0,5674.0,1
597,58506,611,580000000,612000000000.0,5,3421,30,2940,1,0,ICMP,3,406812467,135892103,1,1.0,2.0,0
25839,28705710,81,398000000,81398000000.0,9,12106,2906,3268916,96,1,TCP,3,11441507,289017358,158,4148.0,4306.0,1
401,39298,411,369000000,411000000000.0,5,3443,29,2842,0,0,ICMP,2,182329,270526481,1,1.0,2.0,0
8213,443502,30,42000000,30042000000.0,3,6024,7388,398952,246,1,TCP,3,644964,464612,114,107.0,221.0,1
92532,6107484,301,250000000,301000000000.0,3,13249,7050,465408,235,1,TCP,2,7547565,7022808,0,0.0,0.0,1
22504,23989264,49,282000000,49282000000.0,3,558,13454,14341964,448,0,UDP,2,2882,2966,0,0.0,0.0,0
111130,126641916,259,64000000,259000000000.0,3,2400,12688,14556784,422,1,TCP,2,12392563,133820350,143,3913.0,4056.0,0
154334,8334036,256,913000000,257000000000.0,7,18351,16750,904500,558,1,TCP,3,319911676,464719721,370,2992.0,3362.0,0
227,22246,232,910000000,233000000000.0,9,4942,29,2842,0,1,ICMP,1,99565,135554832,0,0.0,0.0,0
88941,100009922,204,385000000,204000000000.0,5,6696,13498,14742516,449,1,TCP,1,4039200,100058536,175,3925.0,4100.0,0
126264,6818256,201,641000000,202000000000.0,7,16567,18512,999648,617,1,TCP,1,456603723,27494846,3891,436.0,4327.0,1
75068,4353944,265,565000000,266000000000.0,5,25224,8188,474904,272,1,TCP,2,6078821,143910128,0,0.0,0.0,0
964,94472,988,422000000,988000000000.0,11,3034,29,2842,0,1,ICMP,1,271274177,135910560,3,3.0,6.0,0
81580,90162616,184,365000000,184000000000.0,9,6696,13267,14490726,442,1,TCP,3,179005151,114200590,175,4059.0,4234.0,0
701,68698,718,473000000,718000000000.0,5,2376,29,2842,0,1,ICMP,3,134726062,135540780,1,1.0,2.0,0
134977,143885482,323,127000000,323000000000.0,4,1931,2900,3091400,96,0,UDP,2,3413,3539,0,0.0,0.0,1
927,90846,950,246000000,950000000000.0,17,2053,29,2842,0,1,ICMP,1,313736658,313325978,4173,4173.0,8346.0,0
638,62524,653,197000000,653000000000.0,6,4920,29,2842,0,1,ICMP,1,6003,1542,0,0.0,0.0,0
966,94668,990,243000000,990000000000.0,7,2053,29,2842,0,1,ICMP,3,271021793,115045,2,2.0,4.0,0
507,49686,519,907000000,520000000000.0,3,2063,30,2940,1,1,ICMP,3,271214090,307258,0,0.0,0.0,0
97616,5661728,341,121000000,341000000000.0,3,13231,8526,494508,284,1,TCP,3,12102059,13234503,122,131.0,253.0,1
126877,6851358,231,34000000,231000000000.0,3,13231,16715,902610,557,1,TCP,4,37402369,467139111,128,239.0,367.0,1
595,58310,613,212000000,613000000000.0,3,2997,29,2842,0,1,ICMP,4,135526276,133800808,0,0.0,0.0,0
102014,108746924,226,407000000,226000000000.0,6,2385,13466,14354756,448,0,UDP,2,110858482,3642,6430,0.0,6430.0,0
13937,752598,43,848000000,43848000000.0,5,7385,8841,477414,294,1,TCP,3,103311575,5396200,4052,311.0,4363.0,1
128963,134379446,467,453000000,467000000000.0,2,4440,6027,6280134,200,0,UDP,2,276816257,4533,1625,0.0,1625.0,1
697,68306,713,183000000,713000000000.0,5,4920,29,2842,0,1,ICMP,2,133971545,406616887,1,1.0,2.0,0
625,61250,641,117000000,641000000000.0,7,2790,29,2842,0,1,ICMP,4,271314527,271312905,2,2.0,4.0,0
58673,3872574,184,320000000,184000000000.0,3,6696,9807,647262,326,1,TCP,1,6292214,146991384,0,0.0,0.0,0
105658,6128164,394,757000000,395000000000.0,5,25224,7206,417948,240,1,TCP,3,26944499,24400547,225,210.0,435.0,0
501,49098,512,783000000,513000000000.0,5,4942,30,2940,1,1,ICMP,2,134148267,406793679,1,1.0,2.0,0
691,67718,709,901000000,710000000000.0,5,2063,29,2842,0,1,ICMP,4,271572568,271559232,1,1.0,2.0,0
22347,23285574,70,781000000,70781000000.0,3,1298,9741,10150122,324,0,UDP,1,3660,82037662,0,3839.0,3839.0,1
16797,18580938,38,653000000,38653000000.0,9,11422,13005,14299490,433,1,TCP,4,16570989,222395300,351,7787.0,8138.0,0
17055,989190,61,723000000,61723000000.0,5,16540,8509,493522,283,1,TCP,2,22800180,335313422,301,4171.0,4472.0,1
10909,589086,19,555000000,19555000000.0,9,10692,0,0,0,1,TCP,1,7471708,6952436,0,0.0,0.0,1
126,12348,129,954000000,130000000000.0,13,1849,29,2842,0,1,ICMP,3,8618634,144472342,2272,2377.0,4649.0,0
112864,120313024,250,732000000,251000000000.0,2,1943,13537,14430442,451,0,UDP,3,274580221,4365,2594,0.0,2594.0,0
9303,9916998,20,620000000,20620000000.0,3,2242,0,0,0,0,UDP,2,3590,3926,0,0.0,0.0,1
108,10584,111,205000000,111000000000.0,4,940,29,2842,0,1,ICMP,3,3332393,14749,885,0.0,885.0,0
131321,135589458,1160,148000000,1160000000000.0,8,2053,29,2842,0,1,ICMP,2,57419,119911666,0,2362.0,2362.0,1
52768,56250688,117,254000000,117000000000.0,3,2375,13443,14330238,448,0,UDP,4,3488,62265606,0,5404.0,5404.0,0
109439,114035438,369,816000000,370000000000.0,6,948,9003,9381126,300,1,ICMP,1,4575,1242,0,0.0,0.0,1
131586,135615428,1431,384000000,1430000000000.0,5,2790,29,2842,0,1,ICMP,3,271151443,232981,1,1.0,2.0,1
52582,54790444,170,297000000,170000000000.0,6,1943,9320,9711440,310,0,UDP,4,304850503,4463,7554,0.0,7554.0,1
284,27832,291,220000000,291000000000.0,4,948,30,2940,1,1,ICMP,2,4575,1402,0,0.0,0.0,0
86953,4695462,293,949000000,294000000000.0,2,12106,8917,481518,297,1,TCP,4,150276921,5858911,127,0.0,127.0,1
108236,5844744,386,162000000,386000000000.0,5,10817,7941,428814,264,1,TCP,2,5506,1242,0,0.0,0.0,1
286,28028,293,134000000,293000000000.0,13,4920,29,2842,0,1,ICMP,3,135607798,200358706,2,4392.0,4394.0,0
19116,19918872,60,865000000,60865000000.0,5,1790,9477,9875034,315,0,UDP,3,58460931,3679,5232,0.0,5232.0,1
56384,3721668,181,275000000,181000000000.0,11,7385,8806,581328,293,1,TCP,3,269049227,12904236,11911,751.0,12662.0,1
103808,110659328,230,401000000,230000000000.0,4,1943,13533,14426178,451,0,UDP,2,3688,1492,0,0.0,0.0,0
746,73108,763,95000000,763000000000.0,9,4942,29,2842,0,1,ICMP,1,271228025,269150054,0,0.0,0.0,0
80096,5286636,260,476000000,260000000000.0,11,18351,9825,648510,327,1,TCP,1,466233354,34059440,0,0.0,0.0,0
133312,146570904,298,987000000,299000000000.0,3,2373,13480,14747648,449,1,TCP,2,293791475,12973825,3923,174.0,4097.0,0
32512,2145912,98,622000000,98622000000.0,3,11471,9919,654654,330,1,TCP,1,4814,1472,0,0.0,0.0,0
38,3724,39,886000000,39886000000.0,9,1857,29,2842,0,1,ICMP,1,5066,1312,0,0.0,0.0,0
91206,97225596,201,313000000,201000000000.0,6,1931,13526,14418716,450,0,UDP,4,3539,3413,0,0.0,0.0,0
61909,64509178,207,696000000,208000000000.0,17,2053,9261,9649962,308,1,ICMP,2,271144783,170840611,4,2568.0,2572.0,1
134998,143907868,313,344000000,313000000000.0,3,1931,7464,7956624,248,0,UDP,2,3759,1402,0,0.0,0.0,1
27313,28460146,90,18000000,90018000000.0,13,3421,9035,9414470,301,1,ICMP,1,72519018,71750730,5010,5010.0,10020.0,1
3376,222816,10,454000000,10454000000.0,7,4033,0,0,0,1,TCP,3,17428150,243704952,338,7844.0,8182.0,1
130394,139000004,288,837000000,289000000000.0,6,1943,13307,14185262,443,0,UDP,3,3665,3413,0,0.0,0.0,0
4777,5092282,10,711000000,10711000000.0,3,1790,0,0,0,0,UDP,1,3753,5227812,0,1393.0,1393.0,1
131643,135621014,1490,203000000,1490000000000.0,7,2059,29,2842,0,1,ICMP,3,271152413,245623,1,1.0,2.0,1
63438,66102396,198,162000000,198000000000.0,9,3024,9888,10303296,329,1,ICMP,2,201910587,134906277,2746,7.0,2753.0,1
11886,12670476,23,955000000,23955000000.0,3,6846,0,0,0,0,UDP,3,4766,327375804,0,7378.0,7378.0,1
93745,97682290,300,886000000,301000000000.0,4,1943,9334,9726028,311,0,UDP,1,3865,1402,0,0.0,0.0,1
43888,45731296,137,877000000,138000000000.0,9,3024,9642,10046964,321,1,ICMP,2,181459830,134852768,2672,7.0,2679.0,1
122650,127801300,435,919000000,436000000000.0,3,4440,8314,8663188,277,0,UDP,2,270723013,4533,2346,0.0,2346.0,1
90172,96123352,200,265000000,200000000000.0,3,1306,13475,14364350,449,0,UDP,3,96434872,3572,3838,0.0,3838.0,0
713,69874,731,234000000,731000000000.0,3,2790,29,2842,0,1,ICMP,3,271097835,178213,0,0.0,0.0,0
131105,135568290,981,337000000,981000000000.0,5,2790,58,5684,1,1,ICMP,4,135701647,271160137,2,2.0,4.0,1
111052,5996808,389,648000000,390000000000.0,4,3982,7956,429624,265,1,TCP,4,6449524,151718426,0,113.0,113.0,1
90172,96123352,200,265000000,200000000000.0,3,1306,13475,14364350,449,0,UDP,1,3624,1422,0,0.0,0.0,0
119983,127901878,265,314000000,265000000000.0,3,8803,13640,14540240,454,0,UDP,4,5769,556205635,0,0.0,0.0,0
676,66248,691,578000000,692000000000.0,5,3431,30,2940,1,0,ICMP,3,105983,102068,0,0.0,0.0,0
3384,3526128,10,735000000,10735000000.0,4,608,0,0,0,0,UDP,3,3059,3185,0,0.0,0.0,0
130635,135522230,651,189000000,651000000000.0,7,960,29,2842,0,1,ICMP,3,271061192,135603150,1,1.0,2.0,1
3042,3242772,35,83000000,35083000000.0,6,4440,332,353912,11,0,UDP,3,3833,3413,0,0.0,0.0,1
47315,49302230,150,854000000,151000000000.0,7,1943,9354,9746868,311,0,UDP,1,3929,16470178,0,2594.0,2594.0,1
88102,5109916,289,494000000,289000000000.0,5,4357,8787,509646,292,1,TCP,3,15970179,164802294,273,508.0,781.0,1
131820,135638360,1671,430000000,1670000000000.0,7,2800,29,2842,0,1,ICMP,2,27277,23054,0,0.0,0.0,1
113885,121401410,253,263000000,253000000000.0,2,1931,13538,14431508,451,0,UDP,4,4001,243020957,0,2601.0,2601.0,0
63936,66621312,227,178000000,227000000000.0,2,2385,6422,6691724,214,0,UDP,2,3413,3581,0,0.0,0.0,1
479,46942,491,86000000,491000000000.0,5,2790,29,2842,0,1,ICMP,2,135512269,50144,0,0.0,0.0,0
109462,113680860,411,187000000,411000000000.0,6,948,8394,8719172,279,1,ICMP,3,249334174,113876216,2983,2348.0,5331.0,1
20953,22335898,42,718000000,42718000000.0,2,5882,13393,14276938,446,0,UDP,1,4162,22892638,0,3838.0,3838.0,0
106175,110634350,353,403000000,353000000000.0,2,1931,6086,6341612,202,0,UDP,2,3826,1312,0,0.0,0.0,1
42837,44636154,136,832000000,137000000000.0,4,7916,9376,9769792,312,0,UDP,1,4960,276817856,0,0.0,0.0,1
80016,83376672,287,69000000,287000000000.0,3,4440,8683,9047686,289,0,UDP,2,215596881,4253,6061,0.0,6061.0,1
34097,38555122,79,23000000,79023000000.0,5,1165,13158,14660684,438,1,TCP,1,7546499,7023194,0,0.0,0.0,0
999,97902,1031,234000000,1030000000000.0,13,2800,23,2254,0,1,ICMP,3,269464015,271127907,0,0.0,0.0,0
148,14504,151,564000000,152000000000.0,14,3421,30,2940,1,0,ICMP,4,135746720,151538594,3,2497.0,2500.0,0
18005,19733994,40,503000000,40503000000.0,7,4033,13493,14753450,449,1,TCP,2,139844110,151838390,11771,524.0,12295.0,0
997,97706,1021,584000000,1020000000000.0,3,3443,29,2842,0,0,ICMP,1,135566802,102684,0,0.0,0.0,0
442,43316,452,849000000,453000000000.0,5,4942,30,2940,1,1,ICMP,1,105836,101468,0,0.0,0.0,0
684,67032,701,197000000,701000000000.0,9,2790,30,2940,1,1,ICMP,1,542379459,540709730,3,3.0,6.0,0
49,4802,51,279000000,51279000000.0,5,3443,29,2842,0,0,ICMP,2,10815,134894848,0,0.0,0.0,0
333,32634,341,559000000,342000000000.0,11,3421,29,2842,0,0,ICMP,1,167032727,166264306,5018,5018.0,10036.0,0
144,14112,148,152000000,148000000000.0,9,3034,29,2842,0,1,ICMP,3,135185435,271216905,2,2.0,4.0,0
103582,107932444,346,498000000,346000000000.0,3,7916,8196,8540232,273,0,UDP,1,4485,1382,0,0.0,0.0,1
41376,2399808,169,904000000,170000000000.0,11,25224,8881,515098,296,1,TCP,4,326621889,400279090,669,9225.0,9894.0,0
57240,59644080,195,755000000,196000000000.0,3,2385,7674,7996308,255,0,UDP,3,3875,176295617,0,2117.0,2117.0,1
7247,7551374,23,327000000,23327000000.0,6,1931,0,0,0,0,UDP,3,35264510,3446,3839,0.0,3839.0,1
89983,95921878,199,289000000,199000000000.0,6,1306,13475,14364350,449,0,UDP,1,3584,1172,0,0.0,0.0,0
114622,119436124,407,444000000,407000000000.0,2,4440,8167,8510014,272,0,UDP,4,4491,261922239,0,2254.0,2254.0,1
72772,4803024,220,994000000,221000000000.0,3,1143,9982,658812,332,1,TCP,2,108524821,4816237,3939,176.0,4115.0,0
83421,93705378,194,322000000,194000000000.0,7,11888,11998,13392188,399,1,TCP,1,5399,1487844,0,121.0,121.0,0
50575,3338046,158,998000000,159000000000.0,5,16540,9424,622008,314,1,TCP,3,6437513,147084102,0,0.0,0.0,0
120281,6976298,419,393000000,419000000000.0,5,8050,7657,444106,255,1,TCP,2,5358,1312,0,0.0,0.0,1
108968,113544656,361,224000000,361000000000.0,7,3421,8994,9371748,299,1,ICMP,2,135464525,377562917,1,5072.0,5073.0,1
79040,82359680,257,415000000,257000000000.0,2,7916,8825,9195650,294,0,UDP,2,580784160,2530,7760,0.0,7760.0,1
8385,8737170,32,737000000,32737000000.0,9,4920,7513,7828546,250,1,ICMP,3,166809656,133860714,4172,2.0,4174.0,1
6807,394806,20,211000000,20211000000.0,5,25224,0,0,0,1,TCP,3,14571476,16387480,101,159.0,260.0,0
33369,1935402,107,2000000,107000000000.0,5,10817,9212,534296,307,1,TCP,1,2683249,2243038,142,132.0,274.0,1
112404,117124968,377,417000000,377000000000.0,2,7916,8660,9023720,288,0,UDP,3,143930035,276816961,0,0.0,0.0,1
131614,135618172,1460,175000000,1460000000000.0,9,2059,29,2842,0,1,ICMP,2,86805,135542876,0,0.0,0.0,1
247,24206,253,41000000,253000000000.0,13,4920,29,2842,0,1,ICMP,4,100631741,135565399,4973,0.0,4973.0,0
39851,2630478,134,272000000,134000000000.0,7,11888,9012,594840,300,1,TCP,3,4476616,114837842,151,3822.0,3973.0,0
98082,107555596,220,539000000,221000000000.0,11,18351,13502,14808316,450,1,TCP,3,559949759,43389595,9556,682.0,10238.0,0
131731,135629638,1580,197000000,1580000000000.0,13,2063,30,2940,1,1,ICMP,1,542518263,542107380,4,4.0,8.0,1
109182,119876308,244,442000000,244000000000.0,11,4357,13472,14744896,449,1,TCP,3,9461987,127772870,458,4452.0,4910.0,0
13536,893436,49,8000000,49008000000.0,3,1147,8366,552168,278,1,TCP,2,171149560,7430574,3913,146.0,4059.0,1
34153,35587426,110,292000000,110000000000.0,6,1943,9256,9644752,308,0,UDP,4,3665,3413,0,0.0,0.0,1
124526,132744716,276,434000000,276000000000.0,2,7916,13311,14189526,443,0,UDP,4,5214,494104118,0,2493.0,2493.0,0
142081,7672374,234,123000000,234000000000.0,3,4357,18373,992142,612,1,TCP,3,7692941,4099489,263,141.0,404.0,1
332,32536,340,1000000,340000000000.0,4,2053,30,2940,1,1,ICMP,4,105721,135565182,0,0.0,0.0,0
103582,107932444,346,498000000,346000000000.0,3,7916,8196,8540232,273,0,UDP,1,699267223,3776,0,0.0,0.0,1
910,89180,931,563000000,932000000000.0,5,3443,30,2940,1,0,ICMP,2,5701,1542,0,0.0,0.0,0
129224,7494992,499,778000000,500000000000.0,3,18351,3775,218950,125,1,TCP,1,6450789,145705694,0,0.0,0.0,0
129973,135431866,451,443000000,451000000000.0,3,1264,6844,7131448,228,1,ICMP,2,4932,1562,0,0.0,0.0,1
782,76636,801,473000000,801000000000.0,5,3443,29,2842,0,0,ICMP,1,84864,80794,0,0.0,0.0,0
770,75460,789,950000000,790000000000.0,13,2063,29,2842,0,1,ICMP,2,271355105,271368511,3,3.0,6.0,0
110462,5964948,379,536000000,380000000000.0,3,6696,7672,414288,255,1,TCP,1,5207,7022054,0,0.0,0.0,1
77360,4486880,259,980000000,260000000000.0,7,3982,8370,485460,279,1,TCP,2,5507,4195866,0,120.0,120.0,1
126629,131947418,437,312000000,437000000000.0,2,7916,7165,7465930,238,0,UDP,2,680345815,3062,4005,0.0,4005.0,1
59950,63906700,133,328000000,133000000000.0,3,1109,13542,14435772,451,0,UDP,3,3022,3320,0,0.0,0.0,0
104016,108384672,346,284000000,346000000000.0,2,3421,9017,9395714,300,1,ICMP,3,108754035,5243,2499,0.0,2499.0,1
87926,98491500,201,270000000,201000000000.0,5,13249,13392,14758048,446,1,TCP,3,646942667,48393911,7844,340.0,8184.0,0
33465,1940970,108,471000000,108000000000.0,11,2373,9337,541546,311,1,TCP,4,313577450,101954174,319,4192.0,4511.0,0
129988,135447496,423,443000000,423000000000.0,3,1931,7106,7404452,236,0,UDP,3,4682,392176332,0,2384.0,2384.0,1
125616,6783264,496,189000000,496000000000.0,3,25224,2169,117126,72,1,TCP,3,27030185,29768897,29,31.0,60.0,0
40764,2201256,128,208000000,128000000000.0,5,16567,9353,505062,311,1,TCP,2,7546942,6969828,0,0.0,0.0,1
530,51940,542,757000000,543000000000.0,5,4942,29,2842,0,1,ICMP,1,106299,135561566,0,0.0,0.0,0
22668,1224072,86,130000000,86130000000.0,7,10817,9071,489834,302,1,TCP,2,5329,1172,0,0.0,0.0,1
44980,46869160,143,392000000,143000000000.0,4,1931,9439,9835438,314,0,UDP,3,3791,92841647,0,3837.0,3837.0,1
342,33516,351,157000000,351000000000.0,13,2790,29,2842,0,1,ICMP,3,147528759,223018365,4905,2445.0,7350.0,0
169,176098,0,843000000,843000000.0,6,1306,0,0,0,0,UDP,3,3404,3236,0,0.0,0.0,1
206,20188,211,482000000,211000000000.0,4,3421,29,2842,0,0,ICMP,2,26142,19484948,0,2528.0,2528.0,0
73519,78371254,162,878000000,163000000000.0,3,1910,13615,14513590,453,0,UDP,3,3362,6472832,0,1725.0,1725.0,0
16688,17388896,53,352000000,53352000000.0,4,1931,9435,9831270,314,0,UDP,1,3759,1332,0,0.0,0.0,1
120032,6961856,448,581000000,449000000000.0,5,25224,7477,433666,249,1,TCP,2,6170749,153522408,0,105.0,105.0,0
15173,15810266,46,907000000,46907000000.0,3,2375,9701,10108442,323,0,UDP,3,141457592,3698,7674,0.0,7674.0,1
126152,134478032,280,693000000,281000000000.0,2,2242,13299,14176734,443,0,UDP,1,4233,1382,0,0.0,0.0,0
19407,1281030,60,339000000,60339000000.0,7,4033,9567,631458,318,1,TCP,1,7471204,6952436,0,0.0,0.0,1
134820,143718120,322,102000000,322000000000.0,4,1931,2900,3091400,96,0,UDP,1,3759,1402,0,0.0,0.0,1
102868,5966344,353,144000000,353000000000.0,5,6696,8010,464580,267,1,TCP,2,4969,5566640,0,114.0,114.0,1
117796,6832168,414,494000000,414000000000.0,5,3982,7942,460636,264,1,TCP,1,465061776,33431016,348,187.0,535.0,1
49535,52804310,109,287000000,109000000000.0,4,608,13438,14324908,447,0,UDP,2,3059,3185,0,0.0,0.0,0
13867,14782222,30,777000000,30777000000.0,3,558,13593,14490138,453,0,UDP,3,38853513,3185,3838,0.0,3838.0,0
672,65856,688,478000000,688000000000.0,5,2376,30,2940,1,1,ICMP,2,135534886,134720168,1,1.0,2.0,0
82117,85565914,279,807000000,280000000000.0,6,948,9178,9563476,305,1,ICMP,3,143970897,58035031,5094,2552.0,7646.0,1
23884,25460344,53,104000000,53104000000.0,2,1109,13430,14316380,447,0,UDP,1,76545697,1312,7986,0.0,7986.0,0
76818,81887988,170,681000000,171000000000.0,3,2242,13478,14367548,449,0,UDP,4,4775,279389377,0,0.0,0.0,0
740,72520,772,921000000,773000000000.0,5,2063,27,2646,0,1,ICMP,2,105978,135561734,0,0.0,0.0,0
303,29694,311,148000000,311000000000.0,8,2790,30,2940,1,1,ICMP,2,195005529,91442359,2499,5010.0,7509.0,0
45937,2480598,74,104000000,74104000000.0,9,6696,18358,991332,611,1,TCP,2,149617562,7712260,8302,598.0,8900.0,1
76360,79567120,243,474000000,243000000000.0,2,1931,9452,9848984,315,0,UDP,2,3649,1242,0,0.0,0.0,1
250487,13526298,502,120000000,502000000000.0,5,25224,7046,380484,234,1,TCP,3,5862415,145576233,0,0.0,0.0,0
12595,831646,52,200000000,52200000000.0,3,12130,7442,491208,248,1,TCP,1,5400,1472,0,0.0,0.0,1
75166,80126956,167,17000000,167000000000.0,3,2375,13442,14329172,448,0,UDP,1,3514,1172,0,0.0,0.0,0
63596,66267032,203,366000000,203000000000.0,3,1931,9387,9781254,312,0,UDP,3,3875,121630127,0,3838.0,3838.0,1
6002,6398132,13,242000000,13242000000.0,2,1910,0,0,0,0,UDP,4,3488,98996058,0,6384.0,6384.0,1
79021,82339882,257,303000000,257000000000.0,2,7916,8825,9195650,294,0,UDP,3,143929858,276816854,2858,0.0,2858.0,1
118948,131709048,271,312000000,271000000000.0,7,7385,13482,14745836,449,1,TCP,5,244382142,12497128,8136,486.0,8622.0,0
134888,143790608,310,317000000,310000000000.0,3,2242,8845,9428770,294,0,UDP,3,287898035,4733,0,0.0,0.0,1
78905,82219010,250,748000000,251000000000.0,7,1943,9338,9730196,311,0,UDP,4,4127,226233337,0,2587.0,2587.0,1
15774,914892,53,169000000,53169000000.0,9,25224,8962,519796,298,1,TCP,4,23446908,160711251,275,256.0,531.0,0
8385,8737170,32,737000000,32737000000.0,9,4920,7513,7828546,250,1,ICMP,1,5730,1472,0,0.0,0.0,1
73532,3970728,120,971000000,121000000000.0,7,1143,18417,994518,613,1,TCP,4,259525549,13190165,5347,369.0,5716.0,1
48866,3225312,154,357000000,154000000000.0,9,6696,9974,658284,332,1,TCP,2,181078054,10113244,8389,640.0,9029.0,0
130986,135556628,920,127000000,920000000000.0,7,2053,58,5684,1,1,ICMP,4,135684035,271130741,3,3.0,6.0,1
108921,5881734,369,558000000,370000000000.0,5,12106,8396,453384,279,1,TCP,2,10993101,12144815,241,259.0,500.0,1
5450,5678900,17,393000000,17393000000.0,3,7894,0,0,0,0,UDP,1,4246,1562,0,0.0,0.0,1
476,46648,488,324000000,488000000000.0,9,3024,29,2842,0,1,ICMP,4,135095435,271137567,6,1.0,7.0,0
379,37142,388,348000000,388000000000.0,7,3024,30,2940,1,1,ICMP,2,232244511,134977353,2712,6.0,2718.0,0
122890,128051380,393,457000000,393000000000.0,2,1931,9325,9716650,310,0,UDP,2,3649,1242,0,0.0,0.0,1
984,96432,1008,411000000,1010000000000.0,11,3034,29,2842,0,1,ICMP,4,135240203,271271715,3,3.0,6.0,0
12786,843984,38,624000000,38624000000.0,5,11422,10000,660108,333,1,TCP,1,1894976,50865096,172,3917.0,4089.0,0
16688,17388896,53,352000000,53352000000.0,4,1931,9435,9831270,314,0,UDP,2,3444,1172,0,0.0,0.0,1
243,23814,249,995000000,250000000000.0,6,2053,29,2842,0,1,ICMP,3,181382662,125972,2557,1.0,2558.0,0
126639,131957838,437,427000000,437000000000.0,2,7916,7165,7465930,238,0,UDP,3,566379701,5951,0,0.0,0.0,1
52800,58276992,119,160000000,119000000000.0,11,11471,13337,14648946,444,1,TCP,5,311574485,105594747,318,4189.0,4507.0,0
78744,87686304,181,325000000,181000000000.0,5,7385,11925,13510426,397,1,TCP,1,497432,295766,131,78.0,209.0,0
976,95648,1001,204000000,1000000000000.0,3,2800,29,2842,0,1,ICMP,1,135466129,1886,0,0.0,0.0,0
964,94472,988,422000000,988000000000.0,11,3034,29,2842,0,1,ICMP,3,270976403,270304229,0,0.0,0.0,0
566,55468,581,141000000,581000000000.0,5,2790,29,2842,0,1,ICMP,1,135612669,148464,0,0.0,0.0,0
97480,101574160,310,754000000,311000000000.0,6,1943,9306,9696852,310,0,UDP,4,3665,3413,0,0.0,0.0,1
27315,29117790,60,842000000,60842000000.0,2,608,13438,14324908,447,0,UDP,2,3365,1262,0,0.0,0.0,0
85575,89169150,273,432000000,273000000000.0,5,1931,9226,9613492,307,0,UDP,1,3649,1402,0,0.0,0.0,1
59294,61784348,199,15000000,199000000000.0,13,3421,9073,9454066,302,1,ICMP,2,5344,1472,0,0.0,0.0,1
91321,97348186,202,91000000,202000000000.0,4,1931,13526,14418716,450,0,UDP,1,3719,1156,0,0.0,0.0,0
81814,85250188,270,982000000,271000000000.0,8,3421,8888,9261296,296,1,ICMP,2,105767,135561984,0,0.0,0.0,1
58528,3160512,186,890000000,187000000000.0,7,18351,8968,484272,298,1,TCP,1,6450789,145705624,0,0.0,0.0,0
134994,143903604,320,756000000,321000000000.0,3,1943,4288,4571008,142,0,UDP,2,3865,1402,0,0.0,0.0,1
24961,26009362,80,484000000,80484000000.0,5,1943,9242,9630164,308,0,UDP,1,3775,1492,0,0.0,0.0,1
84413,4895954,287,997000000,288000000000.0,5,10817,8246,478268,274,1,TCP,1,6111873,149999440,0,119.0,119.0,1
233390,12603060,406,557000000,407000000000.0,5,2373,15052,812808,501,1,TCP,4,321441041,180018397,115,216.0,331.0,1
539,52822,551,869000000,552000000000.0,7,1264,30,2940,1,0,ICMP,4,135641762,135642252,2,2.0,4.0,0
108,10584,111,609000000,112000000000.0,3,1286,29,2842,0,0,ICMP,1,135476558,13056,0,0.0,0.0,0
999,97902,1031,206000000,1030000000000.0,3,2800,23,2254,0,1,ICMP,2,271127123,135667543,0,0.0,0.0,0
115365,119805354,440,76000000,440000000000.0,7,1057,8543,8874430,284,1,ICMP,3,62748,135522692,0,0.0,0.0,1
304,29792,311,828000000,312000000000.0,9,1264,30,2940,1,0,ICMP,2,45077,79021384,0,2392.0,2392.0,0
330,32340,338,311000000,338000000000.0,5,3024,30,2940,1,1,ICMP,2,135466235,80603048,0,2724.0,2724.0,0
645,63210,661,297000000,661000000000.0,5,948,29,2842,0,1,ICMP,3,270978494,60494,0,0.0,0.0,0
86838,92569308,191,698000000,192000000000.0,4,1931,13535,14428310,451,0,UDP,4,3539,3413,0,0.0,0.0,0
127,12446,130,916000000,131000000000.0,11,2800,29,2842,0,1,ICMP,1,13633,9390,0,0.0,0.0,0
61531,65592046,132,729000000,133000000000.0,4,7503,13538,14431508,451,0,UDP,3,384947462,4934,7676,0.0,7676.0,0
97058,6406032,304,325000000,304000000000.0,3,6696,8440,557064,281,1,TCP,3,441205615,19255763,3334,146.0,3480.0,1
12786,843984,38,615000000,38615000000.0,3,11422,10000,660108,333,1,TCP,3,14681007,171531696,178,3870.0,4048.0,0
168,16464,172,903000000,173000000000.0,9,4942,29,2842,0,1,ICMP,4,406681721,134036379,3,3.0,6.0,0
122806,127963852,436,657000000,437000000000.0,2,4440,8314,8663188,277,0,UDP,1,4033,1242,0,0.0,0.0,1
94445,6233810,321,134000000,321000000000.0,11,1143,2995,197670,99,1,TCP,4,13190165,259525549,369,5347.0,5716.0,1
243441,13145814,472,116000000,472000000000.0,5,25224,14340,774360,478,1,TCP,4,184076637,464482023,223,415.0,638.0,0
62074,4097064,188,875000000,189000000000.0,11,2373,10001,660066,333,1,TCP,2,8704528,156333574,145,135.0,280.0,0
118767,123755214,413,362000000,413000000000.0,2,1931,6237,6498954,207,0,UDP,2,3826,1312,0,0.0,0.0,1
108965,113541530,361,418000000,361000000000.0,7,3421,8994,9371748,299,1,ICMP,3,56525,249244153,0,2535.0,2535.0,1
130663,135524974,680,98000000,680000000000.0,3,1069,29,2842,0,1,ICMP,1,135532042,68414,0,0.0,0.0,1
374,36652,382,833000000,383000000000.0,7,4942,30,2940,1,1,ICMP,2,106859,102266,0,0.0,0.0,0
88,8624,91,430000000,91430000000.0,3,3443,29,2842,0,0,ICMP,2,5631,1632,0,0.0,0.0,0
29806,31057852,114,460000000,114000000000.0,17,2790,7961,8295362,265,1,ICMP,1,308568400,306898874,3760,3760.0,7520.0,1
206451,11148354,358,367000000,358000000000.0,5,7385,17350,936900,578,1,TCP,2,31861366,464265717,271,506.0,777.0,1
113557,118326394,363,437000000,363000000000.0,4,1931,9258,9646836,308,0,UDP,2,4347,262352180,0,2566.0,2566.0,1
103011,107337462,330,888000000,331000000000.0,4,1943,9266,9655172,308,0,UDP,4,4094,143928808,0,0.0,0.0,1
115,11270,118,434000000,118000000000.0,5,2332,29,2842,0,1,ICMP,3,6242826,5428066,1661,1444.0,3105.0,0
41394,43132548,130,787000000,131000000000.0,3,1306,9432,9828144,314,0,UDP,1,3534,1172,0,0.0,0.0,1
110,10780,112,805000000,113000000000.0,11,4942,30,2940,1,1,ICMP,3,135737095,406309053,3,3.0,6.0,0
97384,6427620,313,233000000,313000000000.0,4,8050,5545,365970,184,1,TCP,1,6157575,150358188,0,127.0,127.0,1
35538,37030596,113,358000000,113000000000.0,4,1931,9423,9818766,314,0,UDP,3,78449539,3749,3839,0.0,3839.0,1
16653,17752098,36,411000000,36411000000.0,2,7503,13538,14431508,451,0,UDP,2,384948458,4934,7676,0.0,7676.0,0
121175,7028150,417,255000000,417000000000.0,3,7385,8097,469626,269,1,TCP,1,466944160,33297714,236,126.0,362.0,1
130635,135522230,651,207000000,651000000000.0,7,960,29,2842,0,1,ICMP,1,4932,1312,0,0.0,0.0,1
84214,4547556,318,301000000,318000000000.0,5,25224,7649,413046,254,1,TCP,3,9046910,10117781,222,238.0,460.0,0
123462,6666948,413,634000000,414000000000.0,2,16567,7541,407214,251,1,TCP,3,318888266,180937899,0,107.0,107.0,1
102932,5558328,357,126000000,357000000000.0,4,3982,8423,454842,280,1,TCP,3,13276890,157632128,130,243.0,373.0,1
42956,2835300,159,90000000,159000000000.0,5,2400,8498,560868,283,1,TCP,3,600437172,39186676,7829,302.0,8131.0,1
50463,2926854,165,920000000,166000000000.0,6,3982,8973,520434,299,1,TCP,2,5143,1242,0,0.0,0.0,1
122326,6605604,410,894000000,411000000000.0,2,1143,9035,487890,301,1,TCP,1,5332,6609194,0,129.0,129.0,0
930,91140,953,416000000,953000000000.0,11,4920,29,2842,0,1,ICMP,1,98731,94580,0,0.0,0.0,0
64848,3501792,112,926000000,113000000000.0,11,11888,18778,1014012,625,1,TCP,1,317503155,15745724,12312,818.0,13130.0,1
961,1001362,3,408000000,3408000000.0,4,1109,0,0,0,0,UDP,2,3323,1102,0,0.0,0.0,1
351,34398,363,168000000,363000000000.0,5,2997,29,2842,0,1,ICMP,1,74192815,1822,2369,0.0,2369.0,0
635,62230,651,168000000,651000000000.0,3,948,29,2842,0,1,ICMP,3,68474,135528348,0,0.0,0.0,0
138,13524,141,828000000,142000000000.0,7,14,29,2842,0,0,ICMP,2,18176,15380,0,0.0,0.0,0
131440,135601120,1281,383000000,1280000000000.0,7,2790,29,2842,0,1,ICMP,2,69291,135525152,0,0.0,0.0,1
30269,32266754,67,325000000,67325000000.0,3,2375,13442,14329172,448,0,UDP,1,3514,1422,0,0.0,0.0,0
246794,13326876,410,459000000,410000000000.0,5,4357,17511,945594,583,1,TCP,2,4036,1312,0,0.0,0.0,1
50245,3316302,171,348000000,171000000000.0,7,12549,9116,601656,303,1,TCP,1,5436,1312,0,0.0,0.0,0
68414,3694356,220,855000000,221000000000.0,4,3982,9013,486702,300,1,TCP,2,152381399,10457071,256,137.0,393.0,1
129740,7524920,468,704000000,469000000000.0,3,10817,6750,391500,225,1,TCP,4,21197280,166180806,103,192.0,295.0,1
30137,33229058,68,899000000,68899000000.0,3,11471,13340,14648120,444,1,TCP,1,5064,1562,0,0.0,0.0,0
830,81340,853,273000000,853000000000.0,9,4920,29,2842,0,1,ICMP,1,5730,1472,0,0.0,0.0,0
80162,5290860,244,431000000,244000000000.0,6,4357,9931,655446,331,1,TCP,1,3929,1242,0,0.0,0.0,0
14785,15405970,46,367000000,46367000000.0,5,7894,9516,9915672,317,0,UDP,2,4426,1382,0,0.0,0.0,1
47,4606,48,299000000,48299000000.0,5,2376,30,2940,1,1,ICMP,3,135535908,134721148,0,0.0,0.0,0
47993,51160538,102,725000000,103000000000.0,4,7503,13548,14442168,451,0,UDP,3,356163218,4892,7676,0.0,7676.0,0
124274,6710796,434,684000000,435000000000.0,4,2373,8107,437778,270,1,TCP,2,314678061,167394223,0,0.0,0.0,1
134986,143895076,317,347000000,317000000000.0,3,7916,5655,6028230,188,0,UDP,1,4960,276817856,0,0.0,0.0,1
935,91630,958,425000000,958000000000.0,9,3034,29,2842,0,1,ICMP,2,271271715,135240203,3,3.0,6.0,0
27315,29117790,60,842000000,60842000000.0,2,608,13438,14324908,447,0,UDP,1,3315,1262,0,0.0,0.0,0
80993,4697594,284,91000000,284000000000.0,3,13231,8175,474150,272,1,TCP,4,32139359,322801258,128,238.0,366.0,1
41642,43390964,147,323000000,147000000000.0,2,2385,7689,8011938,256,0,UDP,1,3691,1492,0,0.0,0.0,1
109127,119593550,244,86000000,244000000000.0,7,16567,13503,14751038,450,1,TCP,3,431933171,31670389,8116,350.0,8466.0,0
939,92022,961,627000000,962000000000.0,5,3443,29,2842,0,0,ICMP,2,105851,135561984,0,0.0,0.0,0
810,79380,830,237000000,830000000000.0,11,1069,29,2842,0,1,ICMP,1,271165600,271148796,3,3.0,6.0,0
480,47040,491,849000000,492000000000.0,11,1264,29,2842,0,0,ICMP,3,133625888,133625398,2510,2510.0,5020.0,0
273,26754,279,909000000,280000000000.0,13,2053,30,2940,1,1,ICMP,2,271194791,209211211,3,2581.0,2584.0,0
629,61642,643,116000000,643000000000.0,7,4930,29,2842,0,1,ICMP,2,133979847,406625189,2,2.0,4.0,0
131498,135606804,1341,400000000,1340000000000.0,5,2790,29,2842,0,1,ICMP,1,106083,135561944,0,0.0,0.0,1
15734,16394828,50,682000000,50682000000.0,4,1943,9360,9753120,312,0,UDP,1,3795,1242,0,0.0,0.0,1
133351,142152166,295,344000000,295000000000.0,2,8803,13368,14250288,445,0,UDP,2,989339841,4238,3839,0.0,3839.0,0
596,58408,611,157000000,611000000000.0,3,2790,29,2842,0,1,ICMP,3,271086033,166411,0,0.0,0.0,0
789,77322,808,493000000,808000000000.0,7,2390,29,2842,0,1,ICMP,1,13723,10132,0,0.0,0.0,0
481,47138,493,223000000,493000000000.0,5,2997,30,2940,1,1,ICMP,2,112897136,1976,2432,0.0,2432.0,0
86865,92598090,191,870000000,192000000000.0,5,1910,13526,14418716,450,0,UDP,3,3572,89736212,0,7673.0,7673.0,0
2475,2578950,9,135000000,9135000000.0,7,1049,0,0,0,1,ICMP,3,14693,2818631,0,748.0,748.0,1
994,97412,1018,438000000,1020000000000.0,3,3034,30,2940,1,1,ICMP,1,105626,101622,0,0.0,0.0,0
73469,78317954,162,904000000,163000000000.0,4,1931,13532,14425112,451,0,UDP,3,3749,78449539,0,3839.0,3839.0,0
212427,11471058,353,925000000,354000000000.0,3,4357,17478,943812,582,1,TCP,3,6134939,11482761,134,250.0,384.0,1
185,18130,189,904000000,190000000000.0,15,2053,29,2842,0,1,ICMP,2,271159329,180469691,3,2567.0,2570.0,0
134977,143885482,323,127000000,323000000000.0,4,1931,2900,3091400,96,0,UDP,4,3539,3199,0,0.0,0.0,1
880,86240,901,910000000,902000000000.0,13,3421,29,2842,0,0,ICMP,1,271192228,271090860,2,2.0,4.0,0
54149,56423258,202,200000000,202000000000.0,11,2997,7984,8319328,266,1,ICMP,1,99934105,97856834,4426,4426.0,8852.0,1
257031,13879674,471,305000000,471000000000.0,3,13231,13963,754002,465,1,TCP,4,22630081,20841497,105,98.0,203.0,0
10976,724488,44,121000000,44121000000.0,3,10832,7416,489528,247,1,TCP,3,15090503,13744232,0,0.0,0.0,1
50561,2932538,159,207000000,159000000000.0,11,18351,9053,525074,301,1,TCP,3,31107175,443336263,507,5503.0,6010.0,0
109761,124617354,256,254000000,256000000000.0,9,10817,13342,14743060,444,1,TCP,4,10522469,202573678,618,8236.0,8854.0,0
84054,4875132,277,542000000,278000000000.0,9,11471,9021,523218,300,1,TCP,2,447216705,27767602,4514,456.0,4970.0,0
15159,879222,46,983000000,46983000000.0,6,4357,9058,525364,301,1,TCP,1,3752,1172,0,0.0,0.0,1
813,79674,833,381000000,833000000000.0,9,3021,29,2842,0,1,ICMP,2,135636288,135288288,2,2.0,4.0,0
134772,143666952,311,877000000,312000000000.0,6,1931,7464,7956624,248,0,UDP,1,3669,1402,0,0.0,0.0,1
584,57232,598,468000000,598000000000.0,3,2364,29,2842,0,1,ICMP,3,134709430,135524148,0,0.0,0.0,0
129999,135458958,473,40000000,473000000000.0,7,4920,8341,8691322,278,1,ICMP,2,6003,1632,0,0.0,0.0,1
412,40376,422,922000000,423000000000.0,5,4942,29,2842,0,1,ICMP,2,134130641,406776053,1,1.0,2.0,0
49852,51945784,167,278000000,167000000000.0,3,2385,7886,8217212,262,0,UDP,3,3833,168355535,0,2759.0,2759.0,1
4531,4830046,9,736000000,9736000000.0,7,1790,0,0,0,0,UDP,1,3773,1422,0,0.0,0.0,1
95896,5561968,328,174000000,328000000000.0,5,8050,8330,483140,277,1,TCP,4,5587840,5143568,128,119.0,247.0,1
104021,5617134,181,22000000,181000000000.0,3,7385,18185,981990,606,1,TCP,1,4851,2918698,0,130.0,130.0,1
110,10780,113,66000000,113000000000.0,7,3021,30,2940,1,1,ICMP,3,133814164,135539548,1,1.0,2.0,0
80518,83899756,293,18000000,293000000000.0,7,4920,8118,8458956,270,1,ICMP,4,290434249,133918765,4572,1.0,4573.0,1
827,81046,848,392000000,848000000000.0,3,3034,29,2842,0,1,ICMP,3,135749541,290003,0,0.0,0.0,0
63340,67520440,140,680000000,141000000000.0,3,2242,13494,14384604,449,0,UDP,1,4378,143926690,0,0.0,0.0,0
112536,117262512,383,378000000,383000000000.0,2,1931,6364,6631288,212,0,UDP,1,3936,1472,0,0.0,0.0,1
507,49686,519,923000000,520000000000.0,9,2053,29,2842,0,1,ICMP,3,270699521,271093229,0,0.0,0.0,0
409,40082,423,164000000,423000000000.0,4,2997,29,2842,0,1,ICMP,4,5117,4347,0,0.0,0.0,0
57514,59929588,197,178000000,197000000000.0,2,2385,7674,7996308,255,0,UDP,2,4211,275862205,0,2122.0,2122.0,1
18203,19404398,40,286000000,40286000000.0,5,1790,13529,14421914,450,0,UDP,3,87249411,3833,7676,0.0,7676.0,0
106166,110624972,353,353000000,353000000000.0,2,1931,6086,6341612,202,0,UDP,2,3756,1242,0,0.0,0.0,1
341,33418,350,146000000,350000000000.0,4,1057,29,2842,0,1,ICMP,3,39025,72318271,0,2476.0,2476.0,0
22593,1491258,68,644000000,68644000000.0,11,11471,9807,647274,326,1,TCP,1,349664,322370,91,85.0,176.0,0
4955,327090,21,288000000,21288000000.0,3,8068,0,0,0,1,TCP,3,178490678,21799762,2783,87.0,2870.0,1
131877,135643946,1730,187000000,1730000000000.0,5,2063,29,2842,0,1,ICMP,3,292565,271199397,1,1.0,2.0,1
576,56448,590,198000000,590000000000.0,7,1057,30,2940,1,1,ICMP,2,255431432,119984936,2358,2358.0,4716.0,0
115098,6215292,374,846000000,375000000000.0,5,16567,8305,448470,276,1,TCP,2,26978441,29304950,217,234.0,451.0,1
19847,1071738,67,925000000,67925000000.0,3,13231,8556,462024,285,1,TCP,2,7545436,7012510,0,0.0,0.0,1
41224,2390992,154,736000000,155000000000.0,5,25224,8881,515098,296,1,TCP,1,8908,1382,0,0.0,0.0,0
343,33614,351,899000000,352000000000.0,9,1264,29,2842,0,0,ICMP,1,4659,1492,0,0.0,0.0,0
75746,4090284,246,896000000,247000000000.0,5,18351,8375,452250,279,1,TCP,2,6562229,153509448,0,0.0,0.0,0
208,20384,213,186000000,213000000000.0,5,2997,29,2842,0,1,ICMP,2,5177,1242,0,0.0,0.0,0
106175,110634350,353,403000000,353000000000.0,2,1931,6086,6341612,202,0,UDP,3,4136,143928976,0,0.0,0.0,1
392,38416,401,571000000,402000000000.0,11,3421,30,2940,1,0,ICMP,3,105941,102068,0,0.0,0.0,0
342,33516,351,168000000,351000000000.0,9,948,29,2842,0,1,ICMP,1,124905895,124900646,5132,5132.0,10264.0,0
29263,30492046,93,420000000,93420000000.0,5,1910,9606,10009452,320,0,UDP,3,3022,3362,0,0.0,0.0,1
635,62230,651,163000000,651000000000.0,7,2790,29,2842,0,1,ICMP,1,5583,1382,0,0.0,0.0,0
947,92806,971,194000000,971000000000.0,3,2800,29,2842,0,1,ICMP,4,105847,135565175,0,0.0,0.0,0
78744,87686304,181,302000000,181000000000.0,7,7385,11925,13510426,397,1,TCP,4,4226971,88610236,288,3821.0,4109.0,0
29263,30492046,93,420000000,93420000000.0,5,1910,9606,10009452,320,0,UDP,2,3582,1332,0,0.0,0.0,1
144,7776,0,340000000,340000000.0,10,10957,0,0,0,1,TCP,3,388771226,31884044,12058,668.0,12726.0,1
39851,2630478,134,302000000,134000000000.0,11,11888,9012,594840,300,1,TCP,1,271331148,12678104,11548,727.0,12275.0,0
14559,844422,45,449000000,45449000000.0,9,10987,9248,536384,308,1,TCP,1,222049230,10439662,12044,668.0,12712.0,1
27088,28225696,91,170000000,91170000000.0,11,1264,8915,9289430,297,1,ICMP,3,42896793,42896303,2454,2454.0,4908.0,1
68646,75348076,154,77000000,154000000000.0,9,16567,13285,14500778,442,1,TCP,3,318188718,26726726,12059,529.0,12588.0,0
17874,1036692,53,374000000,53374000000.0,11,18351,8950,519100,298,1,TCP,4,37797684,478001882,804,12289.0,13093.0,0
18390,1213884,61,225000000,61225000000.0,3,30,9323,615342,310,1,TCP,3,30066443,1221979,3918,164.0,4082.0,0
61103,3299562,200,457000000,200000000000.0,5,8050,8852,478008,295,1,TCP,2,4975,1242,0,0.0,0.0,1
95538,99550596,317,298000000,317000000000.0,2,7916,8304,8652768,276,0,UDP,3,4775,243545395,0,2284.0,2284.0,1
139,13622,142,797000000,143000000000.0,11,4942,29,2842,0,1,ICMP,4,270309609,135566057,0,0.0,0.0,0
10909,589086,19,555000000,19555000000.0,9,10692,0,0,0,1,TCP,2,6046,1382,0,0.0,0.0,1
530,51940,542,928000000,543000000000.0,5,4942,29,2842,0,1,ICMP,3,406450495,135878537,1,1.0,2.0,0
61830,65910780,137,330000000,137000000000.0,2,7503,13538,14431508,451,0,UDP,2,342890710,4892,3838,0.0,3838.0,0
67061,3621294,225,136000000,225000000000.0,5,18351,7457,402678,248,1,TCP,2,7495,4659932,0,107.0,107.0,0
134645,143531570,324,531000000,325000000000.0,3,7916,1118,1191788,37,0,UDP,1,4652,217285456,0,2493.0,2493.0,1
122450,6612300,208,765000000,209000000000.0,7,18351,16724,903096,557,1,TCP,2,6497841,146182604,0,0.0,0.0,0
429,42042,439,967000000,440000000000.0,13,2053,29,2842,0,1,ICMP,1,486399477,485988594,5131,5131.0,10262.0,0
486,47628,498,379000000,498000000000.0,5,3024,29,2842,0,1,ICMP,2,285653,135562322,4,0.0,4.0,0
712,69776,730,23000000,730000000000.0,3,2053,29,2842,0,1,ICMP,2,271098465,135638675,0,0.0,0.0,0
981,96138,1003,183000000,1000000000000.0,7,4942,29,2842,0,1,ICMP,3,406756481,134111139,2,2.0,4.0,0
131805,140504130,291,325000000,291000000000.0,5,1931,13535,14428310,451,0,UDP,4,3875,223512507,0,2620.0,2620.0,0
63325,67504450,140,629000000,141000000000.0,3,2242,13494,14384604,449,0,UDP,1,4126,1312,0,0.0,0.0,0
123625,128817250,447,485000000,447000000000.0,2,4440,7356,7664952,245,0,UDP,2,4694,143906528,0,0.0,0.0,1
114825,119647650,379,376000000,379000000000.0,4,2053,8541,8899722,284,1,ICMP,2,271083681,120022025,0,2362.0,2362.0,1
93278,99434348,207,245000000,207000000000.0,4,7916,13523,14415518,450,0,UDP,4,5228,535189464,0,10276.0,10276.0,0
115988,120859496,370,806000000,371000000000.0,2,1943,9336,9728112,311,0,UDP,2,3688,1492,0,0.0,0.0,1
31530,34735740,71,269000000,71269000000.0,9,391,13153,14524162,438,1,TCP,3,179158341,7628048,11962,606.0,12568.0,0
126204,131504568,443,397000000,443000000000.0,2,1931,7431,7743102,247,0,UDP,1,4316,143926522,0,0.0,0.0,1
134848,143747968,306,436000000,306000000000.0,2,7916,10322,11003252,344,0,UDP,1,4652,143927708,0,0.0,0.0,1
84887,93602878,191,296000000,191000000000.0,10,7385,13472,14737832,449,1,TCP,3,358947419,16440264,12165,665.0,12830.0,0
547,53606,561,430000000,561000000000.0,5,3443,29,2842,0,0,ICMP,4,55629,55252,0,0.0,0.0,0
5457,5686194,17,450000000,17450000000.0,3,7894,0,0,0,0,UDP,1,4336,1312,0,0.0,0.0,1
91357,6029790,281,254000000,281000000000.0,5,7385,9956,657096,331,1,TCP,5,289638942,15460396,4185,315.0,4500.0,0
117087,124814742,258,834000000,259000000000.0,6,1943,13533,14426178,451,0,UDP,2,3413,3665,0,0.0,0.0,0
61403,68721518,140,500000000,141000000000.0,7,4033,13472,14751040,449,1,TCP,2,6116,7021928,0,0.0,0.0,0
17526,1156776,54,8000000,54008000000.0,3,10852,9879,652050,329,1,TCP,4,53737406,313534288,3922,171.0,4093.0,0
193,18914,198,345000000,198000000000.0,8,2936,29,2842,0,1,ICMP,1,19757,16124,0,0.0,0.0,0
741,72618,759,891000000,760000000000.0,5,2063,29,2842,0,1,ICMP,2,271559232,271572568,1,1.0,2.0,0
77680,82806880,171,311000000,171000000000.0,6,1931,13385,14268410,446,0,UDP,2,3582,1332,0,0.0,0.0,0
1,98,1,239000000,1239000000.0,3,16,0,0,0,1,ICMP,3,3542,3458,0,0.0,0.0,0
125347,130611574,400,810000000,401000000000.0,2,1943,9359,9752078,311,0,UDP,2,3865,1402,0,0.0,0.0,1
51295,53449390,186,606000000,187000000000.0,6,1057,8904,9277968,296,1,ICMP,1,28075,27781740,0,2473.0,2473.0,1
196,19208,201,131000000,201000000000.0,10,2790,30,2940,1,1,ICMP,3,271107000,135648580,2,2.0,4.0,0
68209,3956122,232,163000000,232000000000.0,5,10817,7907,458606,263,1,TCP,2,5439,1402,0,0.0,0.0,1
69265,4571610,218,992000000,219000000000.0,5,16540,9181,605946,306,1,TCP,1,6450365,161123248,0,0.0,0.0,0
423,41454,433,27000000,433000000000.0,7,4920,29,2842,0,1,ICMP,3,133883961,232378759,0,2362.0,2362.0,0
890,87220,911,647000000,912000000000.0,11,3443,30,2940,1,0,ICMP,5,270501659,157507,2,2.0,4.0,0
71908,78847688,161,89000000,161000000000.0,7,1143,13500,14741200,450,1,TCP,5,3498727,79035279,175,3924.0,4099.0,0
43784,48362688,99,15000000,99015000000.0,5,16540,13338,14749364,444,1,TCP,2,23928604,350949528,300,4169.0,4469.0,0
7760,8272160,16,647000000,16647000000.0,2,8225,0,0,0,0,UDP,3,4985,279389321,0,0.0,0.0,1
518,50764,531,86000000,531000000000.0,4,948,29,2842,0,1,ICMP,1,56970,133131394,0,2485.0,2485.0,0
129999,135458958,423,487000000,423000000000.0,2,1931,7106,7404452,236,0,UDP,1,4372,248248668,0,2384.0,2384.0,1
8214,443556,28,53000000,28053000000.0,3,6024,7381,398574,246,1,TCP,2,464612,644964,108,114.0,222.0,1
3691,243762,11,241000000,11241000000.0,7,30,0,0,0,1,TCP,2,3423914,90135381,393,9325.0,9718.0,0
202840,10953360,367,607000000,368000000000.0,3,16540,15854,856116,528,1,TCP,4,38839174,618412109,122,227.0,349.0,1
969,1009698,3,425000000,3425000000.0,3,1109,0,0,0,0,UDP,1,3363,1262,0,0.0,0.0,1
313,30674,321,155000000,321000000000.0,15,2790,29,2842,0,1,ICMP,3,129132407,213848923,5005,2506.0,7511.0,0
38,3724,39,801000000,39801000000.0,7,2059,29,2842,0,1,ICMP,3,271152413,245623,1,1.0,2.0,0
565,55370,579,851000000,580000000000.0,3,2063,29,2842,0,1,ICMP,1,106006,135561902,0,0.0,0.0,0
121122,132880068,271,143000000,271000000000.0,11,1143,13495,14746838,449,1,TCP,2,3069947,2855392,143,133.0,276.0,0
73565,78420290,163,330000000,163000000000.0,3,1910,13615,14513590,453,0,UDP,1,3492,1332,0,0.0,0.0,0
128252,133638584,474,780000000,475000000000.0,9,2997,3971,4137782,132,1,ICMP,2,133797882,135523350,1093,1093.0,2186.0,1
3270,3485820,7,122000000,7122000000.0,2,7503,0,0,0,0,UDP,1,4288,27668360,0,3838.0,3838.0,1
50820,52954440,160,743000000,161000000000.0,7,1790,9442,9838564,314,0,UDP,1,3753,1172,0,0.0,0.0,1
529,51842,541,830000000,542000000000.0,4,1264,30,2940,1,0,ICMP,5,133467666,4970,2508,0.0,2508.0,0
49807,53094262,110,739000000,111000000000.0,3,1790,13525,14417650,450,0,UDP,4,3553,3343,0,0.0,0.0,0
119355,124367910,390,899000000,391000000000.0,3,1943,7952,8285984,265,0,UDP,2,926941092,3790,4385,0.0,4385.0,1
5912,6160304,22,667000000,22667000000.0,10,3860,0,0,0,1,ICMP,3,141610866,135572448,1705,2.0,1707.0,1
9439,10501150,21,530000000,21530000000.0,7,12106,-94124,-105954408,-3138,1,TCP,2,134437790,13423797,3108,405.0,3513.0,1
22434,23914644,48,817000000,48817000000.0,6,1306,13474,14363284,449,0,UDP,2,3660,72715954,0,3917.0,3917.0,0
130986,135556628,920,138000000,920000000000.0,15,2053,58,5684,1,1,ICMP,2,271159329,180469691,3,2567.0,2570.0,1
790,77420,810,180000000,810000000000.0,5,1849,29,2842,0,1,ICMP,4,135615050,271061714,1,1.0,2.0,0
16682,17382644,53,329000000,53329000000.0,6,1931,9435,9831270,314,0,UDP,3,3889,164814263,0,10298.0,10298.0,1
99684,5781672,361,741000000,362000000000.0,3,16540,7927,459766,264,1,TCP,4,38839174,618412109,122,227.0,349.0,1
18005,19733994,40,517000000,40517000000.0,7,4033,13493,14753450,449,1,TCP,4,19630416,293072044,524,11770.0,12294.0,0
85351,4608954,172,251000000,172000000000.0,11,25224,17762,959148,592,1,TCP,1,465483964,33117616,0,0.0,0.0,0
65894,68661548,210,860000000,211000000000.0,6,1943,9287,9677054,309,0,UDP,1,3775,1492,0,0.0,0.0,1
139,13622,143,80000000,143000000000.0,7,22,29,2842,0,1,ICMP,2,8428,8344,0,0.0,0.0,0
125409,6772086,204,96000000,204000000000.0,7,6696,17788,960552,592,1,TCP,4,28323753,326036917,274,383.0,657.0,1
49338,51410196,181,302000000,181000000000.0,5,2997,8410,8763220,280,1,ICMP,3,49955113,51680581,2325,2325.0,4650.0,1
88695,94548870,197,19000000,197000000000.0,3,2375,13529,14421914,450,0,UDP,3,3530,86743136,0,6527.0,6527.0,0
112809,120254394,250,554000000,251000000000.0,3,2242,13531,14424046,451,0,UDP,1,4253,1562,0,0.0,0.0,0
66200,70569200,146,802000000,147000000000.0,3,2375,13527,14419782,450,0,UDP,1,3640,86741232,0,6527.0,6527.0,0
130810,135539380,830,143000000,830000000000.0,10,2053,30,2940,1,1,ICMP,3,271095356,135648650,2,2.0,4.0,1
61531,65592046,132,729000000,133000000000.0,4,7503,13538,14431508,451,0,UDP,1,699267004,3706,0,0.0,0.0,0
105616,110051872,381,267000000,381000000000.0,7,2997,8853,9224826,295,1,ICMP,2,110774526,110426638,2458,2458.0,4916.0,1
183961,9933894,352,300000000,352000000000.0,5,25224,15298,826092,509,1,TCP,2,5736717,150014544,0,111.0,111.0,0
206,20188,211,206000000,211000000000.0,6,948,30,2940,1,1,ICMP,2,4555,1242,0,0.0,0.0,0
75443,85267406,174,378000000,174000000000.0,5,6696,13206,14665300,440,1,TCP,2,253852748,17798314,4009,286.0,4295.0,0
17918,1039244,62,748000000,62748000000.0,11,8050,8749,507442,291,1,TCP,3,8875021,210103233,337,7971.0,8308.0,1
259810,14029740,473,331000000,473000000000.0,5,8050,4428,239112,147,1,TCP,3,167545238,20925576,170,150.0,320.0,1
131526,135609548,1370,176000000,1370000000000.0,9,2053,29,2842,0,1,ICMP,3,270711239,271104947,0,0.0,0.0,1
134708,143598728,313,359000000,313000000000.0,4,7916,5655,6028230,188,0,UDP,2,4468,1382,0,0.0,0.0,1
131438,135600924,1280,179000000,1280000000000.0,7,2053,29,2842,0,1,ICMP,1,5381,1382,0,0.0,0.0,1
2854,3042364,5,236000000,5236000000.0,4,7503,0,0,0,0,UDP,2,7806,1514,0,0.0,0.0,1
265,25970,271,500000000,272000000000.0,7,3421,30,2940,1,0,ICMP,2,5555,53081252,0,2529.0,2529.0,0
5384,5953552,12,158000000,12158000000.0,7,12138,0,0,0,1,TCP,2,1233806,30561048,163,3919.0,4082.0,1
86,8428,88,446000000,88446000000.0,3,20,30,2940,1,1,ICMP,1,4240,1172,0,0.0,0.0,0
128217,146769450,319,68000000,319000000000.0,3,2400,4666,5535476,155,1,TCP,1,7546959,14042870,0,0.0,0.0,1
26016,27108672,76,36000000,76036000000.0,5,2364,10310,10743020,343,1,ICMP,4,26708642,27523290,2857,2857.0,5714.0,1
61366,63943372,197,410000000,197000000000.0,2,7916,9208,9594736,306,0,UDP,2,5142,262720012,0,3838.0,3838.0,1
108,10584,111,300000000,111000000000.0,11,3443,29,2842,0,0,ICMP,4,135526919,406635927,1,1.0,2.0,0
79422,4606476,264,600000000,265000000000.0,5,12106,7867,456286,262,1,TCP,1,5119,1242,0,0.0,0.0,1
62583,3629814,204,425000000,204000000000.0,5,12106,9105,528090,303,1,TCP,2,3659855,3239212,140,130.0,270.0,0
42885,2830762,139,111000000,139000000000.0,5,11422,9874,651684,329,1,TCP,3,468489699,34375682,142,143.0,285.0,0
14973,15601866,47,453000000,47453000000.0,3,7894,9516,9915672,317,0,UDP,2,5564,469299802,0,3838.0,3838.0,1
24976,26024992,80,686000000,80686000000.0,4,1943,9242,9630164,308,0,UDP,3,3413,3665,0,0.0,0.0,1
121612,6567048,402,97000000,402000000000.0,3,16567,7541,407214,251,1,TCP,2,7140435,6643998,115,107.0,222.0,1
276,27048,283,47000000,283000000000.0,11,4920,29,2842,0,1,ICMP,4,118710483,135565441,4820,0.0,4820.0,0
97496,101590832,310,801000000,311000000000.0,2,1943,9306,9696852,310,0,UDP,1,4047,143926620,0,0.0,0.0,1
126371,134711486,280,570000000,281000000000.0,3,1943,13531,14424046,451,0,UDP,4,3772,3520,0,0.0,0.0,0
22672,1224288,86,825000000,86825000000.0,7,10817,9071,489834,302,1,TCP,1,3010439,75756510,170,4052.0,4222.0,1
80162,5290860,244,431000000,244000000000.0,6,4357,9931,655446,331,1,TCP,2,3859,1242,0,0.0,0.0,0
122893,128054506,393,484000000,393000000000.0,2,1931,9325,9716650,310,0,UDP,4,4169,272052287,0,2586.0,2586.0,1
63325,67504450,140,629000000,141000000000.0,3,2242,13494,14384604,449,0,UDP,3,6432,861882566,0,7682.0,7682.0,0
4407,237978,14,155000000,14155000000.0,4,4918,0,0,0,1,TCP,1,469238818,34597352,0,64.0,64.0,1
89256,93004752,316,648000000,317000000000.0,3,4440,9301,9691642,310,0,UDP,1,4447,235773168,0,5379.0,5379.0,1
134687,143576342,312,747000000,313000000000.0,6,7916,5655,6028230,188,0,UDP,4,5172,475176076,0,4126.0,4126.0,1
115693,129251522,264,371000000,264000000000.0,9,6696,13498,14750708,449,1,TCP,3,179662817,129421038,175,4058.0,4233.0,0
121642,126750964,442,901000000,443000000000.0,7,4920,7915,8247430,263,1,ICMP,1,271227941,269150054,0,0.0,0.0,1
121272,6548688,415,294000000,415000000000.0,3,11471,7005,378270,233,1,TCP,2,6657311,7183992,100,108.0,208.0,1
70320,3797280,228,16000000,228000000000.0,6,2373,8860,478440,295,1,TCP,3,164740109,318293087,4175,306.0,4481.0,1
129148,134572216,477,555000000,478000000000.0,2,4920,4153,4327426,138,1,ICMP,3,135566057,270309525,0,1122.0,1122.0,1
24897,25942674,80,289000000,80289000000.0,6,1943,9242,9630164,308,0,UDP,3,3413,3665,0,0.0,0.0,1
129724,7523992,464,114000000,464000000000.0,3,13231,6981,404898,232,1,TCP,1,6218799,146106890,0,0.0,0.0,1
967,94766,988,573000000,989000000000.0,7,3024,30,2940,1,1,ICMP,2,176079,135558948,5,0.0,5.0,0
4552,4852432,10,233000000,10233000000.0,2,2175,0,0,0,0,UDP,4,4136,143928808,0,0.0,0.0,1
25225,26284450,87,687000000,87687000000.0,15,1857,8489,8845538,282,1,ICMP,2,271091268,135644716,3,3.0,6.0,1
61048,63612016,199,573000000,200000000000.0,6,2053,9200,9586400,306,1,ICMP,1,93335607,1844,2553,0.0,2553.0,1
517,50666,530,187000000,530000000000.0,9,1057,29,2842,0,1,ICMP,3,56798,127978914,0,2374.0,2374.0,0
70357,75000562,155,252000000,155000000000.0,6,7916,13522,14414452,450,0,UDP,1,699267046,3706,0,0.0,0.0,0
104299,108679558,333,436000000,333000000000.0,4,1931,9335,9727070,311,0,UDP,3,3413,3539,0,0.0,0.0,1
134936,143841776,320,409000000,320000000000.0,4,1943,4288,4571008,142,0,UDP,3,4841,536788377,0,10120.0,10120.0,1
